[
{
    "model": "sessions.session",
    "pk": "7bz3pbkabm8z8atnd66figjcv3ri661b",
    "fields": {
        "session_data": "eyJsb2dpbklkIjo4fQ:1wQ2hw:AIFRtcPIDeI4d-zqjwuykw7hV3kW-eaj9jxZQ3n4mRk",
        "expire_date": "2026-06-04T12:41:00.582Z"
    }
},
{
    "model": "sessions.session",
    "pk": "cgsq9bpzfit43mjgdimcgihtbxuykn6v",
    "fields": {
        "session_data": "eyJsb2dpbklkIjoxfQ:1wKYWh:PxyCQW8CvgkVaa0TN1srRtlTTCIQ6Bn73-yHOYZnWpQ",
        "expire_date": "2026-05-20T09:26:43.337Z"
    }
},
{
    "model": "sessions.session",
    "pk": "sx9s5ynwfo2vxwdnfnry21tp4h2ph7au",
    "fields": {
        "session_data": "eyJsb2dpbklkIjo1fQ:1wSeEl:vWXOo3LPTQ7FJjIXlOS1fRZm7-ZSpTvPMZBaTwNpmrw",
        "expire_date": "2026-06-11T17:09:39.197Z"
    }
},
{
    "model": "sessions.session",
    "pk": "tgo57trfqnn16a19lbuip9xpff91ydxe",
    "fields": {
        "session_data": "eyJsb2dpbklkIjoyfQ:1wN2XI:P4_7IxUYSqqm_-T2qhhnbcjW0FLN-DhPQ-dPWfg00SU",
        "expire_date": "2026-05-27T05:53:36.119Z"
    }
},
{
    "model": "guestApp.logindetails",
    "pk": 1,
    "fields": {
        "username": "admin",
        "password": "admin",
        "role": "Admin",
        "status": "confirm"
    }
},
{
    "model": "guestApp.logindetails",
    "pk": 2,
    "fields": {
        "username": "anandhu",
        "password": "123",
        "role": "customer",
        "status": "confirmed"
    }
},
{
    "model": "guestApp.logindetails",
    "pk": 3,
    "fields": {
        "username": "bradpitt",
        "password": "123",
        "role": "customer",
        "status": "confirmed"
    }
},
{
    "model": "guestApp.logindetails",
    "pk": 4,
    "fields": {
        "username": "charles",
        "password": "123",
        "role": "DeliveryBoy",
        "status": ""
    }
},
{
    "model": "guestApp.logindetails",
    "pk": 5,
    "fields": {
        "username": "kurian",
        "password": "123",
        "role": "DeliveryBoy",
        "status": ""
    }
},
{
    "model": "guestApp.logindetails",
    "pk": 7,
    "fields": {
        "username": "arjun",
        "password": "123",
        "role": "customer",
        "status": "confirmed"
    }
},
{
    "model": "guestApp.logindetails",
    "pk": 8,
    "fields": {
        "username": "john",
        "password": "123",
        "role": "DeliveryBoy",
        "status": ""
    }
},
{
    "model": "guestApp.customer",
    "pk": 1,
    "fields": {
        "loginId": 2,
        "name": "Anandhu",
        "phone": "8281450371",
        "email": "anandhuaji371@gmail.com",
        "district": 2,
        "address": "Tholammackal H Udumbannoor PO",
        "location": "Edapally",
        "pincode": "685595",
        "username": "anandhu",
        "password": "123"
    }
},
{
    "model": "guestApp.customer",
    "pk": 2,
    "fields": {
        "loginId": 3,
        "name": "Brad Pitt",
        "phone": "9495230371",
        "email": "bradpitt65@gmail.com",
        "district": 2,
        "address": "North Avenue 24th Street Los Angeles",
        "location": "Los Angels",
        "pincode": "900012",
        "username": "bradpitt",
        "password": "123"
    }
},
{
    "model": "guestApp.customer",
    "pk": 4,
    "fields": {
        "loginId": 7,
        "name": "Arjun Shabu",
        "phone": "7034342256",
        "email": "arjunshabu@gmail.com",
        "district": 3,
        "address": "Pazhaplackal H Udumbannoor PO ",
        "location": "Pala",
        "pincode": "685595",
        "username": "arjun",
        "password": "123"
    }
},
{
    "model": "adminApp.category",
    "pk": 1,
    "fields": {
        "category_name": "Bedroom",
        "category_image": "category_image/bedroomcategory_4L8yunr.jpg"
    }
},
{
    "model": "adminApp.category",
    "pk": 2,
    "fields": {
        "category_name": "Living Room",
        "category_image": "category_image/Lansbury_NXT_Fabric_2-Seater_Sofa_with_Cushions_-_Beige_lBSiiR9.jpg"
    }
},
{
    "model": "adminApp.category",
    "pk": 3,
    "fields": {
        "category_name": "Dining Room",
        "category_image": "category_image/Helios_Casper_Faux_Marble_Top_4-Seater_Dining_Set_with_Chairs_-_Brown_2U2RVwh.jpg"
    }
},
{
    "model": "adminApp.product",
    "pk": 1,
    "fields": {
        "ProductName": "Helios Nolan Dresser with Mirror and Stool - Teak",
        "ProductDescription": "This dresser mirror boasts a melamine finish on pre-laminated engineered wood made from compressed fibre boards with hardwood extracts, ensuring strength and reliable screw-holding. It includes a 3mm bevelled mirror situated at chest height for an optimal view, with smooth edges on all four corners. High-quality butterfly hinges, tested for performance and corrosion resistance, allow for easy realignment. The dresser also features 4 open shelves for makeup storage, 1 drawer, 1 cabinet, and a comfortable stool for added convenience.",
        "ProductImage": "products/Helios_Nolan_Dresser_with_Mirror_and_Stool_-_Teak_w6CAWuw.jpg",
        "ProductPrice": "9998.00",
        "stock": 5,
        "category": 1
    }
},
{
    "model": "adminApp.product",
    "pk": 2,
    "fields": {
        "ProductName": "Clair De Lune 3-Door Wardrobe - Beige",
        "ProductDescription": "Upgrade your storage with this 3-door wardrobe, designed for both style and functionality. Made from sturdy engineered wood with a melamine finish, it s resistant to scratches, stains, heat, and termites for long-lasting durability. PU-cladded finish lend a premium look, while 13 shelves, a hanger rod, two lockers, and a drawer provide ample space to organise your essentials.",
        "ProductImage": "products/Clair_De_Lune_3-Door_Wardrobe_-_Beige_PHs9HkK.jpg",
        "ProductPrice": "79999.00",
        "stock": 1,
        "category": 1
    }
},
{
    "model": "adminApp.product",
    "pk": 3,
    "fields": {
        "ProductName": "Iris Sintered Stone Top 6-8 Seater Extendable Dining Table - Beige",
        "ProductDescription": "Upgrade your dining space with this 6-seater extendable dining table, featuring a sintered stone tabletop and a high-gauge mild steel frame. Designed for everyday use, it offers exceptional durability, strength and a sleek modern look.",
        "ProductImage": "products/Iris_Sintered_Stone_Top_6-8_Seater_Extendable_Dining_Table_-_Beige_0qz8ALk.jpg",
        "ProductPrice": "68999.00",
        "stock": 7,
        "category": 3
    }
},
{
    "model": "adminApp.product",
    "pk": 4,
    "fields": {
        "ProductName": "Lansbury NXT Fabric 2-Seater Sofa with Cushions - Beige",
        "ProductDescription": "Experience relaxation with this elegantly designed 2-seater sofa. Made from pine wood and upholstered in anti-microbial polyester, it features a stable, lightweight structure. The HDR PU foam and softy foam offer a semi-soft seating experience with moderate resilience. This sofa comes with cushions for that added change.",
        "ProductImage": "products/Lansbury_NXT_Fabric_2-Seater_Sofa_with_Cushions_-_Beige_B5x2yzL.jpg",
        "ProductPrice": "29999.00",
        "stock": 21,
        "category": 2
    }
},
{
    "model": "adminApp.product",
    "pk": 5,
    "fields": {
        "ProductName": "Lexus Entertainment Wall Unit - Oak",
        "ProductDescription": "This entertainment wall unit is the perfect blend of form and function for any modern living room. Made of engineered wood with a sleek melamine finish, it is designed to resist heat, scratches, and stains, enhancing both its appearance and durability. Featuring external drawers, open shelves, and a cabinet with additional shelves, it provides ample storage for multimedia devices and accessories. With its stylish ridge door and drawer fronts, this unit elevates the decor.",
        "ProductImage": "products/Lexus_Entertainment_Wall_Unit_-_Oak_tmy4bKh.jpg",
        "ProductPrice": "19999.00",
        "stock": 5,
        "category": 2
    }
},
{
    "model": "adminApp.product",
    "pk": 6,
    "fields": {
        "ProductName": "Helios Casper Faux Marble Top 4-Seater Dining Set with Chairs - Brown",
        "ProductDescription": "Add a touch of modern elegance to your dining area with this stylish 4-seater dining set. The table boasts a faux marble top and durable rubber wood frame with laminated wooden panel legs, combining beauty and strength. Matching dining chairs feature soft polyester upholstery, medium back support, and sturdy construction, designed to comfortably support up to 110 kg. This set blends comfort, durability, and sophisticated design for every day dining.",
        "ProductImage": "products/Helios_Casper_Faux_Marble_Top_4-Seater_Dining_Set_with_Chairs_-_Brown_TRZy4cg.jpg",
        "ProductPrice": "38997.00",
        "stock": 12,
        "category": 3
    }
},
{
    "model": "adminApp.product",
    "pk": 7,
    "fields": {
        "ProductName": "Silas Vanilla Faux Leather 1-Seater Revolving Recliner with Footstool - Off-White",
        "ProductDescription": "Get the style quotient of your living room soaring with this one-seater lounge recliner, complete with a footrest for enhanced comfort and posture. Upholstered in soft yet durable faux leather, it features a high backrest and a flat seat designed for optimum lumbar care. Crafted from resilient rubber wood, it offers 360-degree rotation and three reclining positions, perfect for sitting, reading, or watching TV.",
        "ProductImage": "products/Silas_Vanilla_Faux_Leather_1-Seater_Revolving_Recliner_with_Footstool_-_Off-Whi_s0GIqGv.jpg",
        "ProductPrice": "54999.00",
        "stock": 4,
        "category": 2
    }
},
{
    "model": "adminApp.district",
    "pk": 1,
    "fields": {
        "name": "Idukki"
    }
},
{
    "model": "adminApp.district",
    "pk": 2,
    "fields": {
        "name": "Ernakulam"
    }
},
{
    "model": "adminApp.district",
    "pk": 3,
    "fields": {
        "name": "Kottayam"
    }
},
{
    "model": "adminApp.location",
    "pk": 3,
    "fields": {
        "district_id": 1,
        "location": "Thodupuzha"
    }
},
{
    "model": "adminApp.location",
    "pk": 5,
    "fields": {
        "district_id": 3,
        "location": "Changanassery"
    }
},
{
    "model": "adminApp.location",
    "pk": 8,
    "fields": {
        "district_id": 3,
        "location": "Pala"
    }
},
{
    "model": "adminApp.location",
    "pk": 9,
    "fields": {
        "district_id": 2,
        "location": "Edapally"
    }
},
{
    "model": "adminApp.deliveryboy",
    "pk": 1,
    "fields": {
        "loginId": 5,
        "name": "Kurian",
        "phone": "7854556454",
        "address": "LA Villa Los Angels",
        "email": "kurian@gmail.com",
        "username": "kurian",
        "password": "123"
    }
},
{
    "model": "adminApp.deliveryboy",
    "pk": 2,
    "fields": {
        "loginId": 8,
        "name": "John Samuel",
        "phone": "9496768371",
        "address": "North Central Park, Manhattan NY",
        "email": "johnsamuel@gmail.com",
        "username": "john",
        "password": "123"
    }
},
{
    "model": "customerApp.cart",
    "pk": 20,
    "fields": {
        "customer": 1,
        "product": 6,
        "quantity": 2
    }
},
{
    "model": "customerApp.order",
    "pk": 10,
    "fields": {
        "customer": 1,
        "total_amount": "88998.00",
        "order_date": "2026-05-16T10:47:20.478Z",
        "status": "Delivered"
    }
},
{
    "model": "customerApp.order",
    "pk": 11,
    "fields": {
        "customer": 1,
        "total_amount": "54999.00",
        "order_date": "2026-05-16T10:48:23.134Z",
        "status": "Delivered"
    }
},
{
    "model": "customerApp.order",
    "pk": 12,
    "fields": {
        "customer": 2,
        "total_amount": "29999.00",
        "order_date": "2026-05-16T10:55:55.869Z",
        "status": "Confirmed"
    }
},
{
    "model": "customerApp.order",
    "pk": 13,
    "fields": {
        "customer": 1,
        "total_amount": "68999.00",
        "order_date": "2026-05-16T13:08:45.462Z",
        "status": "Delivered"
    }
},
{
    "model": "customerApp.order",
    "pk": 14,
    "fields": {
        "customer": 4,
        "total_amount": "19999.00",
        "order_date": "2026-05-17T07:28:29.707Z",
        "status": "Confirmed"
    }
},
{
    "model": "customerApp.order",
    "pk": 15,
    "fields": {
        "customer": 4,
        "total_amount": "29997.00",
        "order_date": "2026-05-21T12:40:50.665Z",
        "status": "Confirmed"
    }
},
{
    "model": "customerApp.orderitem",
    "pk": 13,
    "fields": {
        "order": 10,
        "product": 3,
        "quantity": 1,
        "price": "68999.00"
    }
},
{
    "model": "customerApp.orderitem",
    "pk": 14,
    "fields": {
        "order": 10,
        "product": 5,
        "quantity": 1,
        "price": "19999.00"
    }
},
{
    "model": "customerApp.orderitem",
    "pk": 15,
    "fields": {
        "order": 11,
        "product": 7,
        "quantity": 1,
        "price": "54999.00"
    }
},
{
    "model": "customerApp.orderitem",
    "pk": 16,
    "fields": {
        "order": 12,
        "product": 4,
        "quantity": 1,
        "price": "29999.00"
    }
},
{
    "model": "customerApp.orderitem",
    "pk": 17,
    "fields": {
        "order": 13,
        "product": 3,
        "quantity": 1,
        "price": "68999.00"
    }
},
{
    "model": "customerApp.orderitem",
    "pk": 18,
    "fields": {
        "order": 14,
        "product": 5,
        "quantity": 1,
        "price": "19999.00"
    }
},
{
    "model": "customerApp.orderitem",
    "pk": 19,
    "fields": {
        "order": 15,
        "product": 1,
        "quantity": 1,
        "price": "9998.00"
    }
},
{
    "model": "customerApp.orderitem",
    "pk": 20,
    "fields": {
        "order": 15,
        "product": 5,
        "quantity": 1,
        "price": "19999.00"
    }
},
{
    "model": "customerApp.payment",
    "pk": 10,
    "fields": {
        "customer": 1,
        "order": 10,
        "amount": "88998.00",
        "card_last4": "4546",
        "status": "Paid",
        "created_at": "2026-05-16T10:47:20.499Z"
    }
},
{
    "model": "customerApp.payment",
    "pk": 11,
    "fields": {
        "customer": 1,
        "order": 11,
        "amount": "54999.00",
        "card_last4": "5664",
        "status": "Paid",
        "created_at": "2026-05-16T10:48:23.161Z"
    }
},
{
    "model": "customerApp.payment",
    "pk": 12,
    "fields": {
        "customer": 2,
        "order": 12,
        "amount": "29999.00",
        "card_last4": "8798",
        "status": "Paid",
        "created_at": "2026-05-16T10:55:55.884Z"
    }
},
{
    "model": "customerApp.payment",
    "pk": 13,
    "fields": {
        "customer": 1,
        "order": 13,
        "amount": "68999.00",
        "card_last4": "6789",
        "status": "Paid",
        "created_at": "2026-05-16T13:08:45.471Z"
    }
},
{
    "model": "customerApp.payment",
    "pk": 14,
    "fields": {
        "customer": 4,
        "order": 14,
        "amount": "19999.00",
        "card_last4": "5565",
        "status": "Paid",
        "created_at": "2026-05-17T07:28:29.731Z"
    }
},
{
    "model": "customerApp.payment",
    "pk": 15,
    "fields": {
        "customer": 4,
        "order": 15,
        "amount": "29997.00",
        "card_last4": "4654",
        "status": "Paid",
        "created_at": "2026-05-21T12:40:50.676Z"
    }
},
{
    "model": "customerApp.feedback",
    "pk": 14,
    "fields": {
        "customer": 1,
        "order": 10,
        "product": 3,
        "rating": 5,
        "message": "The quality is top notch",
        "created_at": "2026-05-16T13:58:38.821Z"
    }
},
{
    "model": "customerApp.feedback",
    "pk": 15,
    "fields": {
        "customer": 1,
        "order": 11,
        "product": 7,
        "rating": 2,
        "message": "Just terrible",
        "created_at": "2026-05-16T14:16:48.280Z"
    }
}
]
